rental_id,predictions
7428577,3049.9519398558955
7454944,2211.7820544063775
7473595,2694.996816529876
7490488,4557.937111360046
7460896,2471.539320081879
7479988,4472.589786213787
7496308,3192.640298314087
7468621,2643.5907882188326
7430797,2026.6811064805504
7440397,3770.3516616259562
7460575,2066.60265681051
7516792,5380.643940552092
7464880,2131.1924901764905
7461787,2476.0914192433384
7444351,3117.835052669552
7438162,2558.9695324128475
7519777,3176.016899065888
7459570,23606.79474778773
7443688,4121.4034019973715
7483843,3974.9553230789247
7429615,4050.1216322827504
7513213,7713.221502865599
7521061,3007.219403562939
7524166,2111.1695138788796
7476664,1930.2255265706513
7505905,2587.7167487008605
7471858,1646.789656740319
7438210,3603.5504024187876
7469329,2963.9642008883798
7497715,6267.107831626707
7525612,3140.438059381407
7506082,1590.6111355394264
7518844,2166.701370640779
7487068,3154.893053164972
7506070,2503.4735914649077
7506982,3128.52582992008
7525636,2136.40182233659
7438000,3079.9354083139083
7474420,2418.8295610395803
7501327,3419.8224852549406
7511602,2487.775076364812
7511695,2326.8388627467302
7489489,4392.35017324424
7504576,2564.484923964838
7473469,2305.2617349839697
7440115,2227.598163804032
7488367,2752.5914737900985
7488583,5130.725186056589
7490770,4688.9932428901675
7485796,2063.796786498589
7453882,2093.952352200088
7511338,2330.145791957826
7477789,2403.3186751859266
7487923,3494.5139737663017
7428727,3647.5799223747126
7450042,7114.482588369964
7467187,3711.50200837488
7506097,1624.0033160842413
7491934,2167.9183836033244
7525975,2807.295643663525
7440988,2791.6584864783904
7484119,2504.3701326804426
7524019,2384.128626733561
7481239,1964.9778126899334
7506925,5321.551974574445
7437361,6156.42888861534
7467931,3758.910892746141
7502617,3143.163177134398
7451377,2401.7891466752203
7466254,3815.8937570517724
7451821,2105.2130789594394
7471615,3095.315282214646
7456258,2906.6777062088236
7498273,3017.4503577779715
7445536,2546.041968852227
7456645,2899.404549143924
7457617,4225.590407265119
7461331,3775.074056974071
7497193,5058.730437200743
7486321,3999.4217865174032
7517539,2743.087600897769
7493233,2182.1079889620614
7461916,3388.4097521065523
7446025,3633.683583920164
7483837,3310.8276535213163
7494448,5518.8538221917
7439092,4205.208742780913
7517530,3176.1827408895724
7500637,5943.454828964035
7463473,4004.1399153200596
7503820,2253.1478732427695
7524190,6429.083517305064
7459609,2730.4365006681924
7479592,2741.627649973856
7474213,3238.8139048026433
7499800,2134.117668110485
7516108,5712.079790777036
7468903,2854.200568394711
7486561,2315.11370201363
7473241,2764.530533037784
7475488,2971.2025544975313
7474624,3009.22118157088
7503712,3058.0704664747022
7495702,3063.5284896447715
7468450,1804.7479040820294
7483867,2493.7642799830883
7441468,2091.9291988534346
7502176,4373.873135392385
7517236,1828.3082780234042
7485220,2223.9907014203113
7462309,2700.5962593933837
7430926,2737.0498019855104
7490167,2124.8863711517233
7523230,7652.004789918413
7505536,2840.8537088254884
7504156,2561.163497188269
7510546,8109.918451208579
7428880,5317.645857195909
7444117,2548.347544474952
7491079,3136.4583130767137
7457983,2589.955381352307
7503160,2153.15538443909
7485004,2874.8430268293805
7440010,4023.5366318469105
7498330,3960.5375307845757
7506850,2828.809362531261
7467988,5158.970002909674
7498228,2188.8798558630906
7521424,2234.594944920576
7478776,3071.5529910937025
7521232,2121.7869670754085
7506694,3840.291843864468
7483258,2710.356377128977
7455172,2991.5259072309277
7428247,2196.0014733276275
7429606,3119.1956098019623
7499368,3256.6466827461763
7485442,5176.462588883339
7449307,3717.6209277430094
7495336,2350.359156404053
7489342,4032.644908406008
7506037,4210.080227427803
7441156,1990.5285658454568
7469758,2521.6342501771096
7525351,1963.7338421550508
7454731,3505.9121652184244
7480498,2315.11370201363
7513975,6309.796409247874
7456432,3823.3296684704173
7468624,3117.4062580744426
7500886,2449.188409570006
7517695,5177.790237945061
7436128,2384.163307251571
7442881,1959.3705086986884
7464016,2670.5241206848714
7436413,2556.3732594763346
7497094,3110.9112435081256
7524859,2437.9029439375977
7466182,3185.680219461095
7517596,7344.53711028432
7431175,4193.86407979847
7428631,3234.1220293595293
7429102,2281.1358001568874
7459060,5712.079790777036
7505986,5774.543985055796
7460566,2726.142764660496
7525252,2799.9929726335768
7430389,17515.020878067196
7477387,1629.5419601313706
7454431,2433.1031270355465
7523605,5548.610010225842
7431205,6359.742340302673
7497907,2576.2042823753045
7519738,2409.0149538451747
7481059,3292.402725853824
7465300,3342.6221392476627
7521154,3210.234427334576
7480990,2010.1217345202522
7469551,6457.102348680733
7484389,2295.464010242551
7485268,2631.8529309971073
7490743,3369.232006182028
7480630,2961.768275481056
7505626,2686.8567895854135
7477417,6858.578709442733
7486360,3343.121632367633
7501990,2099.575903432223
7444468,2777.613954980478
7473592,2716.759344907544
7444156,4892.743643411051
7514584,5204.3556552780465
7500697,3724.3876866117203
7482568,3249.3210115399297
7511554,3960.997574471837
7459579,4353.488664947796
7440304,4118.585850837072
7489840,3606.3935552364314
7467715,3031.785570465482
7481275,4005.753020163659
7451527,3344.3890870443615
7434337,5615.549058103661
7446280,1734.1948544919128
7432927,1958.3574157995424
7520536,2165.8374480359685
7489237,2467.376157507912
7430860,2466.1570922133424
7484665,1784.388149092909
7463815,3092.633895023277
7515901,1969.222787387449
7468609,3646.0891936426133
7484875,4126.7412861931225
7466260,2264.3600306648973
7506643,2067.7984787524574
7511620,4819.423718024621
7481272,2558.9695324128475
7491985,1455.7289020482444
7433899,7133.0474072283905
7496254,2871.1580040636177
7504741,2700.077586435624
7463818,1995.2355412512325
7492828,2417.6274061530576
7523680,2608.304197039072
7480429,3091.342081307582
7496350,2366.8142114764337
7526059,2651.749510161408
7430443,3269.836722274458
7438393,2807.552645064086
7464805,3287.1003038921876
7437700,2807.295643663525
7519870,8916.350802909506
7472683,4684.465606473592
7438453,1971.191873295994
7465738,2720.7792571880736
7521610,3209.1063986471036
7451200,2488.133971071412
7476145,2218.8716598205715
7430365,2586.2589358443843
7501573,3384.5810501614405
7516123,3922.5080719696957
7487263,2479.109532017003
7510885,4006.797495266986
7523347,3427.6812730153824
7501813,2600.371673949029
7506715,3126.9423135134552
7434343,4059.8915375051083
7469653,3120.957345182594
7443052,4429.264839042752
7506202,3228.541853474356
7430794,2129.7997071461823
7491883,2470.041159006971
7453213,2890.242772874056
7430731,2990.080374124242
7451905,1785.4157484182488
7490137,2104.7243046555686
7521421,2164.2467784437786
7488496,13908.550421780017
7481809,3506.4773968779746
7448449,2675.2295121863426
7465618,4585.2932194880295
7512412,2644.751670765638
7524505,3770.3516616259562
7495768,2761.984662667742
7453684,5022.714373354586
7469908,6429.083517305064
7469104,2051.6569540271817
7443169,2456.1302764253714
7488802,4013.7540190365185
7444357,3140.417710401611
7506523,9450.602937025826
7455640,2873.3406803751805
7459246,3960.691953749466
7441621,2999.8768724608713
7491427,2888.3887270776613
7448578,3646.0891936426133
7491358,2036.9689556283931
7445896,26442.415605436232
7483549,5408.371547192446
7485187,2247.535862218062
7434931,2820.4984337392484
7508467,3070.833808359769
7458007,2807.9040401404154
7518313,3622.5349864689406
7466752,3519.5455796303368
7447399,2435.117171700762
7486099,17708.548394294427
7467226,1755.1272045658584
7441057,2840.376547683353
7479199,3346.279637138189
7432009,2447.366463407337
7449097,2571.8542762732186
7503670,2714.0574691770644
7506463,3489.3992137298983
7506022,3035.8806032023526
7462528,35661.62884844323
7523482,2148.369571886447
7479346,2315.8358064223357
7451539,2696.0709993413875
7504639,4352.40643934905
7453471,3547.372845352361
7516201,2168.820169844346
7511563,3152.1355246953353
7516087,3774.6039379095273
7438609,2369.676506285381
7509514,3142.7046937041714
7457035,9696.822145446056
7502713,2361.7230725860827
7436626,3433.9848291349185
7451545,4116.684828213453
7512487,5672.119892267647
7455064,2491.544310717876
7503673,2959.0427837363013
7437424,3198.868740183362
7503118,5721.105917441089
7455013,3681.8472652508312
7453801,2651.2192928084974
7467190,3459.459112319655
7489513,7745.310523399203
7481515,2689.889278804528
7504852,3132.132119816458
7503688,4049.406396646654
7471930,5326.662828457578
7492540,2328.8103451621046
7446763,2165.4108694051047
7451242,3922.5080719696957
7440916,4478.051367660935
7499485,3439.1845907754523
7498807,2804.531563401468
7488217,2437.9029439375977
7450612,1948.8191175625634
7505485,2000.251856763292
7441717,2055.558838693169
7447960,3127.6554383639236
7446898,2888.3887270776613
7509763,7771.556275694847
7506418,3874.0343914427053
7481398,3471.5378303346974
7494310,3118.916760997172
7428484,3149.8656357253863
7485229,4062.6784868589248
7492177,5425.479201248573
7434235,2428.2961439965256
7481242,3469.8036890331887
7465231,2594.252600295902
7455649,1713.331789014906
7430899,2716.9660510075155
7499911,3063.420288364414
7495720,5408.371547192446
7462798,1831.0355080173094
7468360,4663.980617396493
7453732,3398.2750708115427
7505185,2545.197492637265
7492786,2997.2611873147916
7495537,3497.118537958449
7475926,6109.651288253413
7482049,3215.11717475477
7458076,4094.87864884681
7518433,3344.3974017175638
7463215,1587.3432636781008
7495039,1948.8191175625634
7442767,5704.380483083909
7503790,3305.4149072211753
7462387,2021.597161324786
7506670,2367.3391107796574
7483903,1838.376926550574
7440307,6918.298984487006
7499572,2493.4493162809404
7438501,2369.041062382062
7435969,4304.0297910401
7451860,3208.3540057989403
7487680,2240.161134072584
7475611,2120.7143154084474
7513045,2463.8408348582952
7458271,2485.3014668101505
7507129,2191.6009867727294
7487587,3506.091656929672
7517776,4076.504657741038
7520698,3349.195036600654
7482925,3158.2876715433267
7450108,2253.0483562911973
7495330,2469.189665907622
7482664,2055.514316098976
7495843,3929.0848867668274
7484461,3259.33755757452
7525231,2713.6645726136608
7466548,2926.8210879835256
7524079,2391.343674139586
7485391,2923.887208175812
7489366,1810.0133740769038
7483321,2612.778317589275
7438264,5705.619795135421
7505830,2718.5979036027184
7444573,3587.812395188145
7438693,3763.3670874819613
7441861,4379.171249479065
7431412,2176.641384311809
7476130,2891.577231446658
7505080,2703.3976134633344
7459855,3592.097704814793
7490368,1916.1098118915404
7441873,2165.1933845566195
7461049,3071.060104142762
7436494,2219.5636009129757
7451128,2088.4435210690576
7494022,6004.248928399087
7494850,2898.6195304695307
7469671,3464.693115279757
7503325,2715.11389460866
7490560,2032.4928143523148
7506628,2408.708251718054
7524448,2858.0817389391655
7458874,7223.111591458378
7503196,3101.0909846909617
7441354,3566.1908981980355
7441531,2399.6368103767154
7474801,2196.4448154497722
7431943,4688.9932428901675
7479529,2419.2243724242294
7442212,3602.512250544389
7465861,2541.490001869519
7469461,3409.6476777870835
7450090,3475.5849840714836
7463833,2734.113011337734
7516711,3077.5682519008765
7474546,3732.8657581291245
7518256,3195.259309054508
7432630,1985.6578288619276
7465411,2292.83402184825
7453057,5355.95939122629
7437649,2948.3233541375794
7437931,2676.7022753790325
7298476,3324.2957438754065
7466725,2142.0136887777257
7431604,4147.596375022981
7478692,2730.6808357554464
7494874,2964.6888660560285
7482454,1913.8973951734536
7475650,4125.484123811861
7470991,3070.0443602051546
7431661,3221.1602370909095
7480114,1804.7479040820294
7485472,3469.9246640875476
7430785,2661.3032709194395
7516417,4116.793951316141
7483036,1718.4633127542395
7518025,2720.422333389263
7467679,3541.407428763102
7511302,3716.2039803513467
7495759,2704.850517138348
7438309,3877.989672863085
7501108,6694.704459938754
7466134,2739.352725335122
7446985,4620.794527723094
7508881,2049.4482674751716
7463566,3666.252235647607
7445395,2289.851572607949
7460221,3849.3263333635323
7509889,2698.5927827055984
7456264,2359.7298587780474
7437478,3472.8559557789135
7520158,12323.620755516757
7461613,2575.908704018204
7502317,2094.7309282963774
7437094,2710.748817137025
7484572,1936.0042480464253
7449859,2549.928414017011
7502923,4729.6070496839775
7445047,4090.1530198086652
7478701,3195.6932649572655
7471828,3460.5572205408976
7508383,3157.1739328049403
7488553,2890.8484987936895
7457866,2508.16818946078
7443562,3493.3898349873825
7508233,1884.1013516654484
7432651,2677.075747582097
7437823,2484.991402084028
7481053,2169.2093234143304
7488424,2421.8852315747968
7494367,3388.9545910368865
7510942,3580.859044998302
7472830,2646.5014523850336
7489654,2134.8712005400434
7479892,2932.700299287312
7496686,2368.098169077654
7464052,4609.76760011394
7431970,2634.8364568348316
7474489,2418.032766410361
7431262,2219.8993159688603
7482400,1536.8513248615425
7443913,3878.5709424056336
7454446,1531.3804636801112
7524568,2868.279919326761
7488040,3502.8363312267797
7441543,1531.3388650040622
7510087,3509.6072610567976
7431532,4123.4927124964815
7447099,1542.9611889254531
7500835,3558.251615576117
7497013,3616.976903611483
7502644,3873.6742487488
7502803,3719.1282153255247
7497628,2504.196892684113
7509799,2654.474308372999
7490476,2255.573836078438
7453006,5833.058593668028
7474171,3338.773079373241
7520497,2036.2560164174065
7431895,1816.7654968617985
7465762,2583.3784980844307
7472821,3630.6612277648833
7461832,3393.138176875497
7492915,2777.7357198218447
7431832,2373.2362773141895
7460629,3015.559268842268
7437616,1705.241985375692
7517854,3637.497436809105
7498297,2571.240780824567
7524616,3283.0447239051796
7483798,3143.8204067947
7487173,3684.3547471833717
7457623,3582.027221777015
7467712,3375.449562980837
7524154,5231.66832493895
7464856,11110.94758210091
7450003,2279.041713928616
7459888,15173.130043248415
7513705,8277.264708357361
7483189,2629.700818300164
7450831,2627.7676756437995
7488343,2654.3561093752733
7513033,3069.561962676212
7443775,4698.580935306265
7465807,2085.605553328207
7459699,1823.2601135392385
7488766,2820.774051959737
7499272,2980.4113782328786
7512205,2595.665123215965
7511704,4856.237630436557
7475419,3314.5707639223524
7430659,3873.6742487488
7488436,3441.6038269889714
7455118,2832.135941351949
7508413,3922.2459124951843
7488712,2838.5576791647895
7513663,2450.851915279981
7451935,2558.574686729936
7450066,3359.6641151209897
7487524,1877.0417961188714
7470241,1941.1751637610755
7489987,4008.6267072167593
7508275,2011.1363199153793
7435963,4071.3315809951146
7464331,2620.306517565768
7452970,3947.9227984123722
7435009,2290.2889616151824
7455208,2671.2300887603446
7503340,3111.7719865689855
7489150,3356.9846600945075
7517791,1644.4756987318233
7454344,2718.425888847265
7436206,2076.70902814016
7455316,2570.9116291306736
7496965,4098.441262347947
7484992,8151.017027644139
7525333,6862.558880480629
7526398,2386.934711616599
7494220,2594.0249883429688
7454044,4892.743643411051
7448725,3401.3858879220643
7469815,2376.8658384204805
7487419,3368.5562252706445
7499857,2922.7202476037037
7433902,1702.073120620607
7449094,6583.760401604933
7481782,2712.648564781538
7433338,1828.3082780234042
7505899,5273.367427935025
7491745,9261.046434422495
7456171,3647.5799223747126
7464358,4861.437622702631
7511203,1923.088148442931
7453843,2687.194530582479
7457971,5264.758617756469
7460386,3199.937381380875
7434454,3067.497496563893
7526455,2665.061373623926
7434997,2587.665423951865
7463929,4688.9932428901675
7469284,4608.842238385795
7514968,2979.31748508582
7502809,3544.325627506137
7448119,4017.612525339041
7506568,6862.558880480629
7513207,1698.2454369538705
7443994,2798.7256582477985
7503154,2407.1600713902108
7502134,5078.917162365412
7429066,3066.1376845443865
7517113,10338.355225497544
7525606,2329.3082682686672
7503826,2310.210891143987
7481380,2999.670123066347
7514311,2653.2115905214073
7511095,2760.789694141901
7494559,3325.952580948292
7479478,8569.836806883692
7460905,3724.3876866117203
7490032,6423.107195052496
7446121,2200.314144293572
7517851,2796.6825352147857
7489849,2613.721069152983
7517920,3449.105359046184
7469107,1764.9195498945503
7488700,2908.121942869222
7470010,2468.6222653920727
7508464,3868.8213620684865
7436320,13977.681688194973
7462516,4989.3579898700345
7519483,2634.326357364857
7474372,2847.718317998995
7509484,3241.337693298532
7449409,5720.464395341587
7479307,2509.405966032591
7512970,3363.2529604834876
7455718,2973.8947439854596
7495477,2077.928100985616
7444066,2405.037989019967
7432948,2252.057496212508
7473829,2024.0064056588835
7507822,2010.1459951796562
7506841,2758.9506701876553
7464010,3471.458916051055
7510516,2675.1669411593302
7502878,2420.4892765215527
7430344,3737.548526811943
7451071,1697.504414385451
7495351,5074.857248264162
7473205,3576.475625030413
7456828,2734.368606614533
7525948,3661.4237805142043
7434664,2513.6043173493176
7458628,1943.783474614438
7442302,2379.9854194024933
7437409,4365.308911202832
7509910,2258.966189467395
7464316,4594.975555301724
7476328,2468.685717300028
7498618,1910.8908197603048
7477681,2751.218362678988
7447999,1818.5112714899471
7488613,2743.845746160659
7464937,1849.7364032413661
7442950,4702.527553734663
7526164,1925.151905472795
7460059,2881.8945056748807
7481872,3907.5041214806447
7451911,2259.6807270825584
7431586,2586.664934127964
7466263,1607.2080222187942
7437430,3201.1314667872985
7428493,2126.0147730273243
7469716,4514.3207583395715
7475278,2659.4406134290543
7500706,2471.227862401486
7471621,2421.9269014767915
7514326,1839.3001219251598
7436317,5449.7801530809
7473850,3044.035393811597
7448644,2866.579445401047
7471735,2105.5769034372483
7480759,4103.307839323687
7499509,3281.0551785828548
7457200,5513.478532993152
7489336,1626.8320029529284
7433680,4476.655281940927
7514923,2869.6591764863524
7443076,3880.905015049493
7446193,1973.568700543737
7496026,2246.3925916069215
7501915,3131.5165972042664
7493797,4139.923772299638
7460512,3117.359629301254
7495612,3377.2117522591784
7439284,2121.7869670754085
7511656,8283.06120926296
7439332,3096.2698646957615
7459297,4311.288513420188
7487509,4949.708696974465
7503007,2563.390914484037
7508722,3042.179414760419
7487200,2023.7315983403844
7439572,2908.8887166437366
7490041,2239.0923869000367
7484677,2884.564999698014
7464898,2695.655570325099
7468753,2767.8586422466433
7466311,2030.6113457947279
7451239,3251.9383663066114
7514272,3140.1107464063707
7474990,1565.9196781568107
7492450,2513.3183808100234
7439191,2845.831696687299
7479742,2233.330059826268
7428667,3717.1406226902186
7456336,5304.503136010447
7436776,1595.910681277057
7525033,2085.4504825378863
7451392,7350.65284369797
7494196,3174.566283447849
7501267,2716.5178077937717
7479151,1555.3668675687059
7481236,4678.592638139638
7493104,2408.4332725584095
7480957,2256.8166528740862
7483960,4694.33504537009
7439215,2546.1721211370327
7506133,3100.21647915973
7511851,2933.605623622294
7470196,3472.8559557789135
7479850,3739.395781918245
7521985,2258.966189467395
7472722,12990.245164199023
7428790,2854.3445232096333
7454113,5323.065295088899
7437301,5708.8742886402815
7428718,3626.801926744824
7447792,1589.8734858483024
7505071,1621.3098275572454
7436692,1967.4168772061269
7473661,1883.9949316476016
7507096,2132.6385360476725
7449217,2224.7421126528698
7457209,2734.5868950055783
7477675,9415.415844321526
7461907,3037.7700947304324
7471456,3453.3220296180425
7514680,2035.1142885766196
7460131,2243.827244827884
7438990,2011.4113142661433
7481143,9189.219471871176
7517230,10683.76462525383
7522882,8490.970511738262
7494493,2808.4435470395606
7436539,2361.918610325133
7458742,1890.4788755476554
7495975,3171.3156122317205
7471558,4764.774474312453
7490278,3580.859044998302
7509847,4201.328445699726
7444282,1868.2551608635172
7472158,6006.122122197978
7517383,9582.701920451278
7439446,3216.711200937951
7505236,1493.2901382155426
7515946,2300.1273679572055
7490518,2905.6738694850465
7498633,1815.263016172424
7492513,3197.3799195967435
7504414,7164.513707589922
7517992,3148.376202402345
7460782,5235.287024589791
7483453,3732.510844687992
7456657,2508.772423408161
7444918,4079.3453740981245
7454584,1947.6221416551282
7498222,2971.0240995605704
7469065,2156.5400746141963
7492093,1828.3082780234042
7437673,1816.4434455797473
7494295,3455.675203965152
7466065,2567.7099656929336
7434916,2871.1580040636177
7495621,5200.493959394362
7455538,3343.934340629057
7458337,3563.0851788628047
7503040,4331.546264426019
7483762,5665.0162249482955
7514833,6522.811387265514
7525966,4877.890091987263
7516093,1935.2760643983213
7483975,4758.92762466292
7509619,2887.896106311989
7481215,3763.828411676559
7466656,2071.3006524826224
7511098,2942.5712932666747
7461190,2586.371058056322
7450963,3745.502249711889
7526080,1754.3072925775207
7469845,12712.797496286052
7490203,2726.038278499278
7438792,2027.229705610094
7497367,2230.1120548112012
7512196,5488.111712128773
7497751,3122.2224460221146
7449499,3405.302544369846
7464883,2032.426867460111
7458550,2921.9324243410106
7474684,2277.2923366176315
7495996,2963.2796609485267
7468909,12080.7071594639
7444867,14834.50661885337
7504729,4683.1086971635605
7460506,3369.6270738232356
7429426,6722.961668531976
7443919,3091.0610909368406
7502026,2172.7341637063905
7454080,2307.713851537352
7507282,3597.422515107098
7469314,5549.791468346197
7457614,3723.8802236578777
7508032,3549.595115273615
7481227,2974.743081485509
7508851,6918.244003926631
7487347,3119.8871554812736
7456630,2226.0819185920286
7498663,6606.607858556477
7480618,2399.278815270944
7429972,3483.606579504645
7437943,3162.502858127983
7490734,3409.6406230483926
7482613,3603.616617380168
7500235,5888.896266453449
7476610,2887.766984128616
7439746,2610.2729281387697
7510735,2420.0248044912614
7519882,2258.267747774285
7491223,2366.8142114764337
7512679,3234.0341238712695
7486942,2353.2169175342638
7484896,2388.3050772315923
7510123,5427.844147038418
7455007,8014.6238356496415
7489768,1996.7442629122788
7525747,4398.882919975578
7429015,3038.5184942688043
7430764,2571.8542762732186
7503412,1828.3082780234042
7500541,3148.72149031189
7456339,2545.6863925159796
7435015,1984.4702829947828
7455166,2125.5156795377825
7456543,3216.711200937951
7441159,7191.74096118772
7517794,3500.993299829128
7485424,3061.938465327157
7515094,2901.2183059995564
7498522,3025.8506796863276
7459639,4208.196568103681
7504315,3993.4522552415347
7494760,1848.3547100370386
7430089,3891.2150036907533
7518544,2261.930351579793
7467439,3069.4638810783285
7451143,7583.116830203767
7432141,2767.628138098013
7492378,2800.6416604824917
7438795,3228.4305076558285
7513891,4023.5366318469105
7511347,1862.3274192057945
7430989,3900.792291443849
7460971,2665.061373623926
7520011,3762.7522140579576
7493224,2322.415944370687
7511629,2545.3177643883896
7450531,3184.307914973915
7479322,3245.3391363422443
7451179,2253.0483562911973
7522552,2097.507637988902
7454362,2582.7618034301454
7511557,3281.6644209643987
7447354,2594.252600295902
7457428,1841.1395206189582
7464889,3469.263954738074
7432765,1958.3574157995424
7430854,3648.5110723173884
7452751,2621.2265444596255
7459078,12738.516298215673
7512829,2822.8418929860995
7522702,2621.9461134021217
7463866,2231.514326503905
7440331,4612.793869519368
7498888,3095.191663339111
7480627,2931.000588651545
7515907,2614.488281137163
7465435,2753.5890051812235
7506646,1634.3436186566696
7470235,2862.443771056558
7469488,2100.187586349109
7430830,2864.5536776915897
7504717,1804.7479040820294
7469722,2260.384382814898
7469332,2375.3520806015604
7517701,2211.7820544063775
7452355,4620.389497006906
7503025,3394.0658426485793
7467328,3887.6371859627297
7479166,2905.6738694850465
7459486,3411.5246498640245
7429111,3749.015957536616
7487824,2933.605623622294
7463689,2169.8607235176064
7509754,3783.100436192892
7501180,1773.86723162132
7503850,2347.422105814637
7430470,6724.8030316598715
7510387,3673.5800847357405
7482457,1827.379706594833
7439626,1836.1830823000525
7434409,2008.4404851733232
7461541,3516.597177848507
7511614,2802.730079999807
7483525,2594.252600295902
7469944,4836.193849731153
7511467,2278.5904580648116
7508698,2629.7641908909804
7519993,2696.3504714484866
7478749,2250.362641259884
7430686,2972.3677112054615
7430971,2929.78374938804
7442158,2700.171729602097
7450882,2369.3287442965957
7435054,3149.1905206876454
7442464,2837.061540858155
7492996,2895.198091108497
7432534,4205.219652746206
7449877,3763.828411676559
7460770,3835.8244573131124
7452097,2275.070946787689
7435966,1875.6813443647857
7523701,2097.3329340708306
7465444,17115.159100531826
7482493,1798.1582275363523
7492549,3122.368769718586
7486486,1811.1557760629896
7495918,5351.147496012975
7444276,2738.189789212885
7449127,3935.948711745383
7468873,3070.0443602051546
7441117,3275.4369099234095
7495129,3352.429152430902
7483741,3798.1971741583575
7430983,3551.749017898768
7445218,2601.0197651808976
7446415,4523.629377515459
7438072,2634.105483530359
7489114,2653.6378038872895
7485181,6463.4330863208
7518994,3063.035389554889
7490344,7123.053074343958
7478002,2417.9131253580017
7446625,2753.50746716682
7470298,4166.789693127136
7515052,3224.0071413447668
7512637,3588.5053902537957
7481593,4072.581516302326
7481761,2663.7773178809502
7485370,5618.015366275538
7521376,3091.7129966961143
7500277,4030.5989846909615
7476769,3417.4163783372205
7526038,2465.8298348582953
7438015,2840.4678409931576
7466764,2758.190955625258
7437820,3629.3004303196817
7485433,2566.0233511986376
7506100,3172.4316961142154
7517542,2900.6266187603246
7499830,2135.1262413402296
7506787,2386.138631892618
7438102,1810.0133740769038
7509658,2186.462902781815
7457230,5360.743356532356
7457911,2132.4304595558806
7438486,2404.6328695658917
7454089,3070.576470584971
7440022,1770.267042714638
7475878,1662.9217012815616
7444441,3587.4079266419853
7442245,5437.219534071964
7455523,1447.9138676092573
7466113,2665.515684019412
7447282,2815.1902312271063
7480873,2070.0934508547
7513309,12228.188256644802
7520560,2105.520986065405
7459207,3189.5946359676627
7452934,10061.517369274461
7479442,2899.8089461633153
7479841,3702.1886250971247
7522423,4278.835851657846
7495993,12453.87931884232
7525783,2933.517612389245
7470685,5104.38090611431
7495576,3600.0001622364566
7519261,2466.020238580864
7487095,3624.751690311152
7525654,2391.5704523295344
7462306,1839.8509819004526
7500253,10548.200497752248
7521418,2287.6413917696077
7522762,3745.9430363704932
7455154,2834.9485602061327
7493920,3219.743783573453
7492216,2600.7092114690868
7481644,2831.9041804755707
7442209,4356.030198511197
7524031,2569.6263206157887
7436758,2719.6871577768634
7501582,2657.778123266354
7499233,3236.8216174688755
7511578,1857.381097588686
7506409,7129.83859315584
7513459,3241.4594615939614
7470706,2501.452092956063
7477069,2631.4173473568912
7473055,2700.077586435624
7494853,4346.364476412477
7478425,3081.4419464963134
7443874,4825.696168647314
7481113,2186.646832017527
7446409,3846.7818557969817
7507483,2745.0698071234324
7494466,2099.6340246656937
7504384,2480.944582694782
7469431,3577.218135534272
7486495,4301.899064911695
7482826,2672.694851982984
7439845,4530.3219461829
7453606,2377.742002348142
7481317,4271.655291208791
7463485,3650.8027606367673
7478449,3413.8780045172834
7471954,3355.389260558886
7513714,3963.609449468919
7488667,3056.628276159299
7442725,1986.1325107697603
7516819,1894.6116884332992
7446106,4321.57503404357
7470688,1730.5338934896804
7500595,2846.9542436248826
7491649,3952.872485973994
7514458,3673.8036616888007
7452808,2462.2626370835046
7475587,2315.11370201363
7502350,4592.4374459984465
7495288,5494.201353013988
7433377,2462.0397839016405
7499872,2566.543755106006
7430935,2189.3925178024588
7499434,2318.8591896975577
7434697,3035.1155600476654
7521037,2653.6259144050396
7520626,2601.085929529792
7508818,3262.0199923848077
7458823,1724.1003243386297
7492954,2514.653734575065
7458718,3253.3359189359808
7458247,2655.303102737947
7511551,1996.6715663364414
7462855,3914.951446878282
7455400,2505.2337449194692
7499416,3509.716773461016
7482079,2182.5080043646144
7492501,21210.87562473719
7503430,2546.3005967227223
7430857,2059.5917459729812
7503901,3645.5886695611766
7428901,1614.3440340393615
7505317,4409.761883843881
7516309,2673.8337340838975
7521301,1620.383571719131
7457332,2310.7371498003627
7431436,3111.5409806884286
7521898,2028.194800137728
7453324,2182.9908227703395
7428472,2759.2267208245407
7491343,2745.0698071234324
7526401,3031.754868105579
7461118,2215.2703330032537
7503472,2494.2865866192624
7514617,2983.300284930626
7436449,2817.9319700928168
7467850,2393.80382721355
7470505,3392.8328754668537
7487020,3833.064856982071
7512790,3835.36646803605
7521523,2216.4900748352957
7438645,4460.005875832502
7490323,2079.700637141496
7486879,2384.128626733561
7456663,5421.936143841669
7510990,11079.11816929149
7495309,4762.876898360625
7445653,2017.0269360015625
7479544,3146.6579210430086
7525390,3794.868869366743
7466998,7575.861205173907
7500106,2417.2676340498165
7430329,2092.1733214481606
7459477,1884.5140061417342
7499719,3114.988758045376
7518784,2094.7309282963774
7445014,2079.354595452749
7442641,2756.571605132441
7455871,3774.6039379095273
7504534,3417.141763369199
7467232,4592.698645438711
7461457,3984.9606980035787
7479208,2828.3290751857353
7500274,2059.4683094556376
7517041,3840.6595789610715
7519480,2854.726236731192
7493023,11210.575477525745
7448548,3702.3916105596318
7505941,3054.00155393218
7440610,2743.4592853743698
7512748,2704.7290296282667
7460362,1789.6277995844027
7455934,2897.2210123421896
7473352,2357.914509433377
7461976,3195.4270580530574
7453597,3222.3702329500566
7469770,2192.2182321812174
7483225,2615.7530534612447
7499611,2087.462681562589
7519849,3443.2176080411678
7518598,2667.110179872415
7459393,3410.789123192982
7494001,3314.71010520362
7488439,2336.013197572851
7431166,2195.6117113025866
7459408,5220.908711732713
7481074,3197.3799195967435
7464265,2650.9179998057502
7507906,2653.0132239846494
7474969,2739.9564856414563
7485859,1921.3518232171593
7452238,2729.189522158397
7435537,1834.6397049239893
7478794,4702.527553734663
7484740,2478.5445823057657
7433422,3971.496349775226
7454242,3616.8072016499577
7480063,3352.8640674203243
7470730,2667.110179872415
7501762,2758.145614206872
7456909,4090.9623178973993
7437919,3031.785570465482
7518166,2427.440124207492
7432408,2165.856425890286
7513159,3020.7189691156796
7495807,3125.450956487141
7476121,2946.685866812111
7437838,2415.1508316402383
7482211,3454.431123284266
7446298,4085.001341370232
7431898,2958.299658611812
7478983,3037.6274558396103
7487656,4851.95112921882
7480492,3482.1255827177215
7508500,2525.240487665114
7459810,2887.682758490649
7467100,4029.815564112357
7454050,1849.7364032413661
7476661,2499.1876827452734
7511659,3104.266167142499
7492324,2729.1460161382734
7492051,4165.410847668672
7504225,3346.279637138189
7446370,2829.618947568772
7431325,3806.1119526478415
7483915,2437.948820248379
7516801,2412.804300716483
7506817,3344.519558280944
7495882,4964.309556471306
7523446,2499.391944188853
7455199,2735.9821666817875
7431109,2897.0161275800656
7479763,5635.209885938021
7472797,2545.197492637265
7431010,2611.932738691864
7497763,3830.1238984218385
7457461,3131.392118090242
7459180,5779.800279886781
7503736,2211.112632447617
7495678,3119.648281896123
7430914,1794.439990853574
7469179,2033.9968729590955
7514440,2299.0199597665405
7469650,1703.3431374956747
7444693,2274.9251689021485
7435288,2162.955565888875
7482289,6042.9351599462625
7513249,2724.28516133647
7445764,2996.548890526142
7429171,2905.5600508734906
7464781,2408.5088223533003
7456897,2423.3975846126705
7491571,2565.3701114857367
7462882,4617.218639638741
7470166,3001.121727867721
7459471,3649.4886894290353
7454098,2249.6728318217724
7431403,3364.2000744247575
7468186,2897.6311642148708
7488499,4315.162911742111
7478905,2626.879136752564
7522981,2490.923466013776
7446295,1891.9268373513735
7471000,3531.1580716024164
7440298,2145.586425769492
7522603,2220.3402653425005
7454311,2719.2007808952744
7449037,5163.755523402251
7487077,5942.865184435663
7458523,1673.904484370163
7468510,1872.0137993709507
7430947,2368.048616661116
7507831,2125.238072750779
7444531,4614.8767188604725
7496827,2969.2755870795886
7525651,2343.2100917099333
7523746,3082.3650327866576
7459813,2180.8257502211836
7482808,2218.4577730186484
7463449,2692.4477195523336
7456798,3029.871961202324
7499578,4079.554074508824
7468504,6576.814637029639
7447861,2316.9370921562095
7443784,1988.3876024645722
7481617,3231.9595127176763
7486642,3000.264745007444
7521283,5410.526178806098
7445491,2907.648815750674
7490359,2022.5591334710607
7487743,1558.8705375751688
7491760,3185.7780492032484
7484698,4332.443023220244
7482751,7973.436665494294
7490986,3232.2102784666304
7516144,3280.0683780546947
7442653,3830.2945409704676
7513795,2822.126843581126
7512220,4589.151818605414
7480885,2225.6357119269624
7520416,3001.121727867721
7496842,2656.8964617604615
7525303,3043.0785120222904
7497046,1723.0635060315506
7477873,2301.02638019368
7478152,3909.21342743286
7431352,4503.3522689116435
7430161,1606.283422042826
7474105,2829.0195655871903
7455244,3481.4755112681437
7506940,2358.287248675345
7517206,2108.7325509115058
7438369,1704.9346060222033
7434460,2394.832451698628
7457731,2619.7744231185475
7512244,2780.582257437008
7449577,2232.190977633478
7484179,4258.026935994646
7490287,2308.0471608401053
7498318,2562.625608501877
7447273,1746.8100241392592
7514875,2203.6457320065556
7513354,3061.938465327157
7430755,2219.8993159688603
7469404,2187.455923206695
7449769,2285.2670198690203
7508752,2399.6559730824724
7467925,3695.0766912254408
7488676,1763.9018038978988
7516750,2403.749028529477
7434943,3506.4773968779746
7523395,2182.2396082265695
7473832,4006.0273676655743
7475215,2008.2260358282074
7467760,2915.161005380241
7510654,4579.3512814693495
7482541,3281.929608566271
7503910,7119.766306873685
7468489,2587.7167487008605
7513363,6859.980286650439
7476547,2942.233710052204
7435861,2126.051283447718
7441888,3459.8365053377997
7505557,3443.2176080411678
7485466,9851.203075466201
7446436,5088.65708091092
7476409,4731.020826585997
7449772,3154.325306463017
7493380,2091.70746630657
7465429,3795.237092378211
7523785,5711.535647919074
7428544,4592.9774785590225
7503109,2948.3233541375794
7469737,1940.2474640775886
7472482,1983.9482519907426
7487980,4627.887301532661
7439632,3232.2102784666304
7510138,2754.4186820556897
7497070,3030.7499414293566
7525984,1826.3210108665842
7464283,2510.0665231180938
7511611,1746.1610645188143
7513777,2314.7873179181934
7435444,3311.3968096333488
7506094,1691.0088297894915
7500067,1773.86723162132
7524025,4644.45619085653
7499116,3234.0341238712695
7467673,3844.0431168831183
7456753,3815.8937570517724
7470784,4384.826729797977
7466062,8077.812383071304
7431745,3500.993299829128
7452688,5262.585533076399
7492570,4164.166064990566
7466695,8833.037883243864
7464145,6999.326281607284
7476262,2256.372037276364
7437577,5339.267135506694
7452685,2843.0346014483453
7488148,6545.725049690506
7448164,6331.908831409047
7514221,2284.6019370490617
7467985,3880.358866166514
7477138,4808.7279308803945
7489663,2808.4363933278205
7434895,2278.5904580648116
7438774,3479.0505272929677
7475194,3348.6994604415186
7474771,4210.532025646182
7465483,3255.0360932858
7518538,3602.168509038348
7521247,1616.932245346157
7474300,2834.383135764304
7439131,2291.059425116121
7513294,1621.3098275572454
7522654,2229.456186602871
7461748,5117.23000177089
7481863,3143.163177134398
7451827,2121.7734893937763
7505320,3159.8047936114876
7434295,2506.118380802677
7507966,2460.1422790326287
7485607,2560.3032573202945
7455466,7198.253827757208
7483624,1511.4379679479875
7515949,2087.5411199127666
7494055,5645.152706914302
7459183,2257.0921363779835
7510525,4298.087397492343
7524202,2153.96612350631
7512346,2693.9682834526575
7439599,1900.8972855355432
7481245,2536.895046843721
7463218,3061.1737028159737
7483912,2488.9357147395085
7442938,4315.369623782266
7515106,2199.692052361037
7465087,2982.8630865980435
7448440,3468.4263116744364
7497847,1714.9764025516963
7525471,11005.542187669875
7470838,2433.6944921548607
7489264,3536.4784560899193
7505842,9069.787166555667
7506820,3412.748484737697
7481614,2746.3116263018032
7489969,3395.495384871665
7438771,1521.758912625988
7452907,4126.709592554506
7459573,2458.1565056656455
7445221,2472.703662393978
7487920,3155.396065331727
7511416,2318.6791420721515
7509133,2377.7611395499916
7456822,4952.838525530026
7442716,2162.09690890525
7503742,3747.39082140082
7477858,2291.760901067499
7520311,5305.017575480077
7451284,3109.6837005853617
7513471,3116.6130010879638
7436845,6942.039148129651
7501645,2770.2620069285294
7500712,6477.63567975639
7506661,2573.7865820341935
7490671,3002.97616566977
7519519,3072.014972446671
7435630,1950.5432729051995
7467490,4403.266378022561
7522810,2211.1525328239013
7487197,3318.4999614018166
7436827,1904.5294814717881
7503868,2724.3028134912474
7434769,3834.3007474495744
7465216,2009.2451621833616
7476214,3067.037104724223
7482364,2605.557883844098
7511794,7068.692393345218
7461790,2695.1822598439157
7509712,2726.817588554419
7524556,1827.7479850002942
7477276,10322.837537940813
7480111,3431.8237779854303
7506979,7649.707213791153
7489540,2008.0720318820322
7460761,2720.601331615022
7497799,2654.6181663565194
7519357,2667.110179872415
7446781,7958.727518522111
7521931,2386.2497672633094
7442446,3455.499569458319
7526017,3121.8536071888193
7526227,3245.2515319517092
7500271,11105.687505130192
7442980,2319.3119606741298
7454191,2729.8830110547347
7500406,2938.701605849216
7514719,1523.0484754287245
7471570,2862.443771056558
7430383,2176.2973036702288
7431529,1762.892089714207
7475266,2499.83853764695
7517662,2528.8788440029607
7435708,2133.725818211673
7477525,7596.143142212364
7465363,2216.8868746926446
7483630,2693.5150478124824
7515253,3581.3518754170677
7519042,3021.2438086889465
7439539,1964.0064044610365
7517521,6748.003722703295
7479586,9306.426909240272
7473133,4712.243284044388
7431163,2580.740696858783
7449949,1716.538720546611
7472311,2263.9730370805664
7525873,2950.4182335274804
7440148,2917.710119821355
7467727,5811.727396830294
7494973,3060.3421223545984
7466899,2889.0233680902434
7484836,2434.5042500759046
7456006,2696.8045629016665
7499083,2219.8993159688603
7490173,2829.552212555418
7492489,2493.7642799830883
7481455,2065.9871223739715
7498921,4624.025601412476
7433692,2415.11279834218
7438462,2720.93831393443
7523335,3546.61292671381
7429408,3058.548714979165
7429876,1969.2235054704067
7446196,3519.4062314286166
7518211,4725.433804560635
7459498,3607.310493486904
7472785,3388.1627543730774
7482649,2664.5874974494454
7491529,2386.138631892618
7462873,3479.3953984104137
7452418,3076.160792684268
7449538,2052.7143809736012
7518319,1635.6140433708445
7487644,3509.716773461016
7444405,2557.748308297095
7508197,4025.59983148843
7484155,2796.425359742081
7509571,2363.794866142415
7521991,2277.7713043606295
7435540,2835.736482082849
7436296,3034.5981739983863
7459036,3104.9372888296343
7443361,2426.0509761586454
7430575,2674.4517791097796
7434400,3088.2240317052224
7447624,2166.2567526321714
7451248,2887.896106311989
7482433,4081.807776174806
7521343,2573.3579140892216
7478296,7466.47346521302
7495978,4363.873397018015
7430536,1556.8306009351418
7493455,2916.7253118776653
7431904,3491.3377264696096
7511623,3511.800788148126
7451521,4742.675913891663
7455463,1544.6120886123679
7452544,4614.8767188604725
7469263,1525.8300516324066
7489939,1817.9987175691958
7506172,3374.1360160370673
7484968,3426.636415346308
7449715,5740.859827926161
7454941,2187.9269225844673
7493239,4002.81578416518
7446928,3814.880696550181
7515127,6448.2770894815985
7431142,3949.828718008299
7448002,2415.197305747744
7468069,3392.179844323805
7452475,3552.5228876446054
7497559,2391.463933540101
7504873,5815.767779633851
7488616,2667.110179872415
7482538,2418.8295610395803
7509217,12136.470478385863
7516060,5914.553489060777
7471909,2669.788347036521
7456489,1818.8860469816138
7441237,3940.899141260743
7517401,3119.8663246059486
7468657,12911.000958146427
7433497,1842.9364231221991
7483792,3407.6543535058004
7508839,2333.6298435355493
7458001,3816.299036296219
7505812,2918.659075260524
7491070,4243.573976045198
7431439,1593.59600827114
7440301,2105.2130789594394
7511746,3696.342777977741
7508611,4256.434712787213
7484074,3132.132119816458
7485949,2743.2931962824764
7526029,2697.177944856614
7481713,2664.555850492473
7488730,2277.9779373790125
7449262,2968.3604411887127
7490971,1868.5775916973894
7472710,2991.5259072309277
7508149,2684.897822666712
7443700,1888.395061729937
7489975,2031.5037311724227
7480816,7579.71574322736
7449502,5532.878169968921
7461181,1832.54403197701
7525393,3765.860377946401
7434487,2763.9875265919154
7436740,3411.726506604506
7431502,3184.307914973915
7435336,3314.137569823967
7467007,3662.149038321844
7443589,4363.077384155062
7483921,1621.4427071376333
7502539,2760.621236130399
7492675,2202.1994013176363
7454830,2399.278815270944
7452034,3532.899535684088
7463671,3360.165487137863
7477774,2522.952012340772
7464820,4614.8767188604725
7469320,1987.8758809238154
7449736,2718.1145463177177
7433278,7714.1388135259995
7458253,2665.635171754716
7505065,1985.364014379841
7507093,2040.4628556900616
7519990,2897.7449492253545
7434247,1994.2326739677599
7436188,3231.265437990931
7448062,2058.991323449427
7494886,3265.2165582367
7490647,8500.107362439247
7468009,3105.2129966961143
7454500,2148.5157085969586
7488247,2166.1878747526985
7465465,1690.8790131159694
7437976,4027.727326795752
7437037,9851.203075466201
7446838,3129.5964629894947
7498537,2910.9194225237275
7493830,5117.914310279589
7514377,4157.395965301853
7522840,3873.6742487488
7495012,2095.5407410007433
7448365,1967.6861590052108
7463026,4764.855586308299
7481914,3553.4800959912127
7432321,5362.387637865059
7477588,1605.515453018687
7437202,1727.3612788099408
7508551,2388.3418532573805
7440619,6238.068575430288
7434040,4000.5144988067495
7508728,3229.602074201512
7467958,2481.8373539385443
7433689,2063.6730761183267
7439419,4294.039650931242
7495141,6885.274845170052
7446475,14361.864734989465
7485109,4488.302313757321
7453459,5591.450234740192
7461274,3140.9749554298032
7499473,4502.730415041659
7481797,2127.317232128982
7450597,4163.797108151652
7498657,5419.696816091074
7485763,2918.659075260524
7524034,3831.397074920007
7490692,2272.5876820377334
7453003,1761.5415175249584
7470469,3716.0891973626653
7520332,1698.6074944195811
7522324,2533.0091849975365
7496092,5557.613569177167
7474048,4580.657127246121
7503070,2757.6754642857145
7489270,2278.484891727983
7509064,3048.2855653251977
7483708,7181.265835248088
7474189,5123.828981240595
7498138,1637.0717337646017
7515859,2365.6808286415167
7484998,4602.4413297976525
7514293,3469.2626471012645
7491829,10936.547428765682
7502305,3829.9631491980235
7518412,4724.998976120155
7447762,3296.7011651942826
7521163,2683.3842136841913
7457857,1795.194094382269
7469341,4861.437622702631
7524160,3282.7128648383136
7485376,1664.766244102175
7454284,2681.3417269631814
7516126,2642.7037707015206
7458013,3477.477141171694
7518178,2053.925145607489
7490119,2882.781693589693
7468018,3014.632442153435
7453897,1831.1822129364443
7446232,2178.849655042583
7508329,2220.97491501554
7458697,2621.834403348286
7476016,2603.778637078565
7505419,5183.761912936736
7504747,2351.572970466195
7430893,1764.5677910693971
7506253,2529.271766333339
7517908,3446.562952400197
7501657,2978.616414818842
7466245,5575.213757085019
7489315,3763.828411676559
7490443,3542.628417313894
7497805,2209.087553986863
7441006,1796.6455379572267
7504726,2473.3111805702465
7508323,2529.760888070263
7516795,3068.946290635835
7480861,2435.4778152264403
7450747,2094.7309282963774
7457176,2329.5058959602484
7516396,8969.147280525034
7507573,3332.755054914771
7433860,3242.5616281670254
7436524,3580.859044998302
7523218,3241.732786606368
7503373,2706.2120538867894
7437163,2548.005615965132
7449739,2818.561586152409
7486345,2368.53003897938
7480246,2566.543755106006
7479829,2048.2642261994542
7507189,1935.2851238564065
7437499,6477.63567975639
7460740,2924.870796985178
7515685,4058.3269892484113
7482985,4089.9772926893347
7465408,3077.6830025260674
7430722,4148.474915624408
7490434,7550.82172477849
7508902,2870.8659456931955
7444582,2558.9695324128475
7471285,2169.1490948014402
7459423,2405.8713880727123
7494085,1810.7290548197502
7521055,4605.361052398583
7490920,1852.362309396443
7488130,6087.303414816393
7492573,2579.785243873773
7449664,1985.6578288619276
7433848,1556.459748605969
7447855,13092.039452741705
7523317,2526.9829349975366
7446292,4206.414194501576
7524538,2035.1142885766196
7446994,4774.214804820178
7489756,4418.342868723725
7452937,3799.2514657695256
7477396,1982.749568701723
7505776,2285.2670198690203
7432384,2839.5290037274813
7482253,3052.387772546898
7466212,2940.202945050865
7508227,3863.11314393123
7503178,3804.6028898740165
7504813,3525.7781512515267
7516942,2763.402979655149
7495711,3592.8461659773416
7465237,3559.18522295515
7432783,3104.8495718415566
7442584,1545.9204110043293
7456132,3175.7508583589606
7491214,3833.498153943278
7441603,2219.1025706866662
7497736,2520.7548201798195
7454623,2350.187081232493
7509088,3899.1601162391516
7448482,2222.3669620004184
7503208,3101.303092956751
7444165,2608.301414752646
7471624,3250.957882507113
7522570,3448.5473488895
7491556,3836.8324864754704
7488070,3019.367418399411
7436179,3690.6627670172975
7451584,5711.535647919074
7477009,1850.2262425530266
7508563,3763.982512678841
7483669,3334.2425357420366
7492837,3315.1601755156603
7462426,1993.681889308791
7485082,2887.63900953948
7509790,1803.2584064379898
7431031,3230.483619019867
7492345,3866.771327176437
7454107,2496.465606925754
7478857,5334.59454084091
7506640,2777.914716810152
7504849,6907.814294566546
7487050,1762.341526174806
7452199,2231.319845068459
7440166,2301.933886840628
7432810,2399.741807404197
7472818,8734.614235962565
7492552,2063.199158221594
7456408,3922.070946793273
7440865,2315.0085052961467
7442659,2305.2617349839697
7435975,4073.939799062864
7457128,3319.3853852642455
7482250,3187.58748670284
7500328,2201.977915110216
7440262,5326.662828457578
7461130,2773.592342245989
7430806,1575.2062168558564
7492159,4683.0313571706065
7436140,1666.7803277637397
7480918,2402.2473448324563
7508749,2093.1191577556438
7504651,2437.948820248379
7491190,1850.8560754067053
7525249,3103.7592002833776
7442839,2187.8580567104477
7516561,1809.3186402086476
7469557,2647.3748471250983
7496038,8356.676052915438
7526026,3304.2259761903474
7491520,5477.319318187659
7451614,3478.141272314502
7459657,3768.039009923512
7433395,3956.684356613974
7454104,2362.1978495246153
7523749,4237.277906528112
7466050,3688.5328328754576
7442167,2873.3406803751805
7431097,1943.9101988428235
7523533,6021.5532942275295
7468174,1974.3597774904833
7476607,3379.206681218293
7498141,1619.341150817319
7440079,2503.368226565102
7454971,3166.443942115418
7491964,3107.7939116520724
7489210,3365.8007985744894
7471423,2382.3084987414554
7446445,1651.905044439221
7466437,2546.376571969697
7469446,2667.110179872415
7472539,2682.5268587246082
7489636,11366.571040189392
7436953,1834.6397049239893
7462984,3777.9513597146324
7469494,3011.190452756136
7509940,3582.49510420986
7505251,2191.9441636696633
7455964,2449.69381840747
7475440,1596.864552672817
7457350,2200.314144293572
7436218,3689.8353274257133
7523467,2076.6200037046283
7428844,2366.8142114764337
7463632,2281.525138790303
7445488,2273.083524338379
7437646,2454.3682070707073
7446163,2125.191090702169
7452166,3293.40176930895
7523221,2297.159480869621
7454029,9292.187426548942
7505278,2440.779422429738
7474099,4702.561153666596
7460383,5324.807691264406
7525030,4244.643911040842
7472509,2476.6761408207794
7476958,9109.062733896004
7468699,3650.3921202980027
7460746,10279.568939459696
7518055,2609.9567129383777
7484161,2932.5932301628113
7493467,2320.564970164339
7501597,5525.869178686939
7472062,3174.934583624193
7454905,3598.050791818687
7458187,2548.104131904044
7514581,3142.3768841575097
7453900,2745.0698071234324
7514929,7049.443829562593
7488637,3469.5362441516995
7497526,2157.998264805584
7469866,2766.701068802542
7524247,3300.596139299986
7510126,2090.6190533502445
7468576,4614.8767188604725
7481887,3082.661932151182
7449844,2966.292251500948
7500823,2799.905222809139
7499077,3150.7986281031067
7470445,7013.332591283717
7508377,3335.261931320312
7503613,3058.548714979165
7524172,2758.531302517744
7447291,3186.9242080889526
7441978,4777.714950475393
7501771,2012.273681499873
7485010,2809.9448297863987
7457512,3676.8348070295706
7453360,2672.428774589789
7441348,2903.3986283479585
7497184,3757.9576152940635
7487035,2656.364008312552
7463245,9475.176883662092
7452193,1704.9346060222033
7438753,3992.4685609113103
7431475,5868.15428157588
7481764,1544.7710454073363
7437847,1742.8218864220582
7466821,2206.7178420525124
7489267,2630.384246320588
7463329,4024.004217378405
7503115,5120.407824880787
7497019,1964.8386222137428
7493002,3740.4128530856397
7443706,7965.012920323143
7494271,3037.8881940507035
7437712,19663.317986444115
7487143,2096.9775772348557
7448224,5294.662451345223
7449832,2406.3463910925675
7463416,4224.162574098717
7487776,2308.9387826138
7468792,1571.2056035076039
7494199,4659.798765855876
7495126,2316.9370921562095
7464235,3324.4167655714173
7448470,2104.9458305803673
7490527,2480.508247096041
7478488,2098.736139384308
7525504,3156.064318465418
7448554,2410.3590169774316
7499347,2499.1876827452734
7450867,3057.3149734432222
7470181,5412.627630655721
7441519,6194.08740224971
7498396,3558.174526455655
7516558,1989.0055234940492
7460104,2938.1992090409585
7500889,2495.7790797005287
7495579,3701.393139882178
7482472,7233.217323537571
7495174,2510.8278745894627
7503853,3422.3340193262634
7468912,1990.333872298753
7516039,2694.18553129984
7482397,2457.2714872057336
7495543,3187.0577481409623
7450870,7528.442141754489
7451914,2341.117606493996
7495486,3125.450956487141
7518475,4262.795186646687
7503757,2038.096122360483
7512511,6761.438129593447
7466734,3562.2791416955943
7503250,3949.1355543949508
7453153,2442.021177761566
7500199,6623.193409981359
7474471,4454.15301945277
7430959,2127.1614015691916
7463500,2863.9362737556557
7474297,3426.636415346308
7498321,2888.467306968445
7476460,2125.5156795377825
7432105,2733.01546643415
7517425,4640.656811825603
7524307,1756.081652303579
7445776,2338.7603841290293
7454386,2743.2612500122427
7491460,2497.012092956063
7453483,2110.4071158685656
7518838,3153.2933343392924
7523659,3176.1063747935086
7461370,2969.2755870795886
7456471,2801.072493280413
7525963,1786.7439249084246
7503079,4195.629210914087
7441291,2400.7974373249294
7448179,1641.6466635921263
7493686,3780.242147200022
7499827,4218.264525079498
7505092,7964.782762743449
7436116,7675.489119114588
7487260,2437.1622889210457
7498936,2930.788785551049
7461175,2479.881952207923
7517689,3170.4103447312496
7443973,3749.015957536616
7449622,2606.916795568811
7479568,1967.7148788200107
7450504,6761.933051504268
7431697,9500.524349650352
7476478,1905.2720202991459
7454929,2818.601662195389
7483219,2882.0998795583064
7474993,2034.5734859756255
7454722,4103.960967983771
7493689,3569.133281857031
7488829,2060.1882679771206
7443046,4274.326732848293
7525591,2280.250662905722
7444123,2503.4735914649077
7458052,3148.72149031189
7433866,2387.4514993356315
7517149,3256.39551911977
7453678,3589.192310093501
7440292,10307.928024385747
7495216,3074.796283398791
7430887,16495.435813410444
7429816,7652.182138201324
7470055,2622.3205542678847
7445572,2374.541644364579
7511560,2268.397357124085
7435423,4941.507671195764
7429180,14538.212041904177
7495264,2612.483662156472
7469086,2888.3887270776613
7513813,2126.5178815824083
7493014,12453.87931884232
7467061,5422.393068697644
7510135,3025.1783701729546
7439830,2066.60265681051
7505041,4258.521244642657
7482367,2270.694817321568
7474042,3640.0847194700746
7453120,4724.307161944264
7469299,4506.364433540317
7445683,1699.440622177659
7433998,7202.453908771439
7442350,2509.723094743492
7487272,7166.483264399817
7445338,2236.0964411699406
7488982,3351.0760738142567
7434265,1623.9639221448474
7473706,1511.4379679479875
7514155,4659.844811988879
7510333,4223.629037226748
7486096,1832.7596920171331
7498756,1923.0447924044902
7469701,3781.391982826813
7445779,2079.614191415611
7447246,12741.64133255715
7502620,2704.6445962845632
7434937,3602.168509038348
7505197,6720.210820078613
7453441,3387.5520537323437
7513009,1869.8052414023884
7512805,1997.473845117602
7517587,4951.148598916607
7439968,3877.5215739407668
7476025,1958.2306537253596
7451410,5286.745367735205
7493779,3197.3799195967435
7474525,12655.569614387718
7507738,3550.7475210695698
7443274,3525.9824418334924
