,predictions
0,3799.03
1,2140.9931666666666
2,3116.7023333333336
3,2303.005
4,3908.4866666666667
5,3012.075
6,3153.9465
7,1830.3575
8,3266.5051666666664
9,2765.497
10,2272.212
11,2906.770333333333
12,5699.625666666667
13,2301.6
14,3280.9245
15,4838.809333333333
16,1583.3055
17,1400.445
18,4201.132
19,2407.449
20,2209.26625
21,2790.0915
22,2361.8925
23,3495.0
24,2145.397
25,1995.0
26,3914.3085
27,3955.045399999998
28,3150.0
29,1995.5023333333334
30,3792.709666666667
31,3976.2123333333334
32,1767.611
33,1909.8333333333333
34,2731.147
35,4058.148833333334
36,1540.8073333333332
37,6705.456666666667
38,2099.1435
39,2214.97875
40,2530.9375
41,2296.476
42,4272.327166666667
43,3346.393666666667
44,2553.8776666666668
45,5005.624
46,2550.0
47,2258.189
48,2717.7245
49,5507.004
50,1797.675
51,2738.797
52,4654.1754
53,1650.0
54,2289.497
55,1678.7203333333332
56,1589.3725
57,2765.0995
58,5264.488
59,2028.4248333333335
60,3022.875
61,2036.3956666666668
62,1821.923
63,3680.9005
64,2196.9685
65,3849.71275
66,3520.495
67,1899.0
68,2937.6045
69,2476.518
70,4203.004
71,1607.929
72,2405.939833333333
73,4190.9985
74,2725.1135
75,3294.2675
76,1960.954
77,3224.528
78,1833.5159999999992
79,2627.0111666666667
80,3985.0
81,2896.2696666666666
82,2747.554
83,10374.1085
84,2874.2808333333332
85,2552.422
86,2048.696
87,2500.0
88,1385.408
89,2708.355
90,5238.46
91,5042.0
92,1560.1913333333307
93,2961.8825
94,2384.0466666666666
95,2415.8420833333334
96,1893.2088333333334
97,4336.232
98,2273.9138333333335
99,2009.1735
100,3495.212
101,3849.95
102,1805.912
103,1890.1845
104,3799.65
105,2151.007
106,4275.0
107,3148.491
108,5811.972
109,3775.59
110,2928.829
111,1891.038
112,2884.796833333333
113,3189.0
114,2163.274666666667
115,3788.827666666667
116,3795.0
117,2751.637833333333
118,3011.6075
119,4603.0295
120,5809.597333333333
121,2294.637
122,3802.306
123,3449.3185
124,3925.805
125,3487.548333333333
126,3108.3105
127,1750.205
128,4579.0
129,1800.3
130,2759.1125
131,2133.6298333333334
132,6260.248
133,4430.495
134,2826.9
135,2779.387666666667
136,3011.269
137,2543.658666666667
138,2567.875
139,2491.536
140,3399.156
141,2244.818
142,4125.375
143,2028.900333333334
144,1643.192
145,5513.6055
146,2012.141
147,2420.5285
148,1792.964
149,3770.120000000003
150,2766.277
151,2099.775
152,3502.3318333333336
153,4063.7141666666666
154,6097.7525
155,3627.8738333333336
156,3332.5
157,2153.288
158,4171.666666666605
159,2004.6
160,3125.0
161,3159.984
162,5018.5005
163,1990.82
164,3529.844
165,3785.921
166,2007.767
167,2800.0
168,3535.1738
169,2428.579833333334
170,3110.0
171,3741.3956666666663
172,6544.51
173,6630.0
174,1986.6493333333333
175,2843.0
176,2600.1
177,3055.8295
178,4099.206899999999
179,2537.0246666666667
180,4661.923666666667
181,5700.0
182,3044.041
183,1817.4276666666665
184,4631.3005
185,4696.194666666667
186,2500.0
187,3680.0
188,4650.0
189,6508.925333333335
190,1934.564
191,3529.419
192,2755.581
193,2673.8605
194,3370.7103000000016
195,3505.0
196,3213.0225
197,3165.223
198,1877.38
199,3214.292
200,5790.0
201,4559.0725
202,3852.3525
203,3349.5555
204,5699.625666666667
205,3698.5855
206,2779.7095
207,2598.809
208,2942.4205
209,3445.0
210,6814.044
211,3696.98375
212,1653.9805
213,4569.609
214,3351.5125
215,2494.0725
216,2584.467666666667
217,3126.9095
218,6042.211
219,4292.137
220,5120.0
221,2824.818
222,4897.980166666666
223,2875.953
224,4453.961
225,3513.916
226,5878.685
227,2761.3913333333335
228,2845.807
229,4758.6685
230,1892.496
231,1697.64
232,2150.125
233,3347.349
234,2829.071333333333
235,1874.014
236,1756.3855
237,1739.1303333333333
238,1602.652
239,3399.476833333333
240,2817.4033333333327
241,2500.0
242,5293.003
243,3399.0
244,2654.806
245,1633.2675
246,1612.105
247,3905.6984999999954
248,3741.839999999992
249,3017.451333333333
250,2015.98
251,1720.9505
252,2980.473833333333
253,1815.5025
254,2514.366
255,2539.83
256,4588.633
257,2629.4325
258,2301.861
259,3495.673
260,1721.3354999999997
261,2708.061
262,2162.611666666667
263,12161.845333333333
264,2543.349
265,7443.587666666666
266,3902.445133333333
267,2124.64975
268,3904.0
269,11072.859
270,2964.0088333333333
271,4850.0
272,5148.770833333334
273,2590.953
274,3180.0
275,1953.911
276,2669.7225
277,4690.5455
278,2095.0
279,13053.985666666666
280,2921.607000000001
281,3125.717
282,6514.6455
283,2172.679
284,3449.036
285,2845.93833333333
286,2643.345
287,2923.0495
288,1865.036
289,3443.9314999999997
290,2800.43
291,1699.5
292,2914.283
293,3835.7466666666664
294,3846.7995
295,8170.166666666668
296,2585.705
297,4536.479666666667
298,2199.0
299,2312.533
300,4698.0305
301,1415.648
302,3895.0
303,2725.6335
304,5447.529
305,5483.067833333333
306,2705.3903333333324
307,2621.934
308,5243.2785
309,1704.8335
310,2650.124833333333
311,3925.734
312,2926.198
313,16346.74
314,2500.0
315,6099.758
316,2124.3595
317,3720.742666666667
318,8098.085666666668
319,3140.782
320,1764.41
321,3425.60925
322,8645.635
323,2259.1465
324,4587.024
325,1900.675
326,18258.973
327,3132.9401666666668
328,2959.962
329,3375.02
330,3470.0
331,4117.188
332,2299.0
333,2074.895
334,3004.563
335,4125.0
336,3806.954133333333
337,7566.577666666666
338,1785.2428333333335
339,4178.802
340,3006.2
341,3044.6125
342,1923.7753333333335
343,1695.748
344,3844.36
345,2917.232
346,2581.626
347,5270.0
348,3731.4085
349,2199.95
350,4468.494
351,2194.057166666667
352,2222.791666666667
353,2777.346
354,3584.93
355,4116.454833333333
356,2450.3465
357,2152.9435
358,1991.244
359,3194.183
360,4668.113
361,1675.175
362,2694.956
363,3599.3115
364,1844.385
365,4623.531
366,1971.699166666667
367,3312.582666666667
368,2742.0
369,1836.6465
370,2771.967
371,14897.17
372,2103.374
373,3076.6871666666666
374,2549.848
375,2772.375
376,1990.859
377,2361.25
378,2402.39
379,2676.314
380,2724.9895
381,1758.8655
382,2094.3195
383,1707.4615
384,3113.691
385,2135.9095
386,1634.9925
387,2492.108
388,2865.7815
389,2312.0483333333336
390,3804.6855
391,2549.519166666667
392,2018.263
393,2595.0
394,1527.689
395,2621.018
396,3025.612666666667
397,3855.8428333333336
398,2535.20825
399,2460.193
400,4569.609
401,2290.114
402,2766.6821666666665
403,3195.966
404,2859.92066666666
405,3476.8345
406,1385.495
407,2208.166
408,8158.064
409,2635.168
410,5162.504
411,3221.25
412,1930.8035
413,4304.94633333334
414,2856.355666666667
415,2166.979
416,3770.74925
417,2519.814666666667
418,1891.37
419,2527.2745
420,2008.9278333333334
421,2203.9839999999995
422,2157.403
423,3727.644
424,3440.9665
425,3744.327
426,1865.025
427,2437.694
428,1500.774
429,4032.45075
430,2278.469
431,2700.125
432,2411.5245
433,1899.0
434,3432.042333333333
435,2507.529
436,6007.5
437,2129.6005
438,3341.213583333334
439,1826.2586666666668
440,2489.52
441,2200.361
442,1720.801333333334
443,2588.462
444,3302.9165
445,2204.791
446,3796.8
447,3383.304
448,3109.769
449,4883.3915
450,5815.33
451,4545.472666666667
452,3318.7185
453,1816.0745
454,1975.1025
455,4583.533666666666
456,5369.512
457,1577.6295
458,2224.184666666667
459,3034.327
460,5942.235
461,4135.419
462,2593.568
463,3406.4845
464,3073.01
465,3852.9985
466,2558.586
467,1972.5
468,2183.641
469,3102.017333333333
470,3117.1793333333344
471,2418.8835
472,5488.751899999963
473,3417.765
474,2031.312
475,2947.024
476,1838.798
477,3412.5
478,3495.0
479,2540.2200000000007
480,9234.916
481,1800.0
482,1768.75
483,2239.736666666667
484,2804.911
485,2357.729
486,3002.374
487,3875.0
488,3423.378166666667
489,1951.9911666666665
490,3840.6739
491,3817.7
492,3036.885333333333
493,12250.0
494,2266.056
495,1852.413
496,2343.017
497,2266.0205
498,3295.2025
499,2355.803
500,2666.017
501,4176.7688333333335
502,2637.1575999999995
503,2047.8245
504,1777.885
505,3608.865
506,3322.356
507,2704.2619
508,1645.783
509,3027.4345
510,3287.756
511,3750.0
512,3925.0
513,4688.282333333334
514,3316.4376666666662
515,3689.335
516,3449.5869166666666
517,3026.1635
518,1632.088
519,2575.15
520,2056.4356666666667
521,2315.315333333333
522,2763.7893333333336
523,2790.0
524,4196.0215
525,2499.7623333333336
526,2120.669
527,3488.6143333333334
528,3404.665
529,2255.1673333333333
530,1626.654666666665
531,4541.7395
532,4195.0
533,3133.739
534,2925.998
535,5227.408
536,2577.4085
537,6609.4255
538,4345.181
539,2262.8335
540,2467.287
541,1981.115
542,2656.361333333333
543,2988.6556666666665
544,2022.8605
545,2316.31
546,5073.028
547,2324.858
548,2535.7048333333337
549,2179.841
550,2098.7815
551,2603.779
552,1941.666
553,3914.332
554,3391.154500000003
555,3000.0
556,6650.0
557,3123.1575
558,1567.447
559,2886.7775
560,2675.529
561,7417.935666666667
562,3786.6725
563,5000.0
564,2704.992
565,2486.512
566,4345.303
567,1528.735
568,2706.862
569,4775.797
570,5263.58
571,3120.2455
572,3393.6648333333333
573,3181.040333333333
574,3093.796333333347
575,1993.6718333333333
576,2048.8503333333333
577,1631.1615
578,2425.5155000000004
579,3000.636
580,1818.5675
581,2320.952
582,4011.9995000000004
583,1700.095
584,8368.4995
585,3282.4795
586,1373.5623333333335
587,2879.886
588,6182.523666666669
589,2540.12
590,2237.29
591,5312.1939999999995
592,2370.1815
593,2733.67
594,2112.094
595,6305.1365
596,1765.859
597,3261.762833333333
598,4069.563
599,2817.443
600,4123.0
601,1505.63
602,2378.3216666666667
603,2625.0705
604,3465.039
605,2447.4315
606,2455.2445
607,2572.58
608,1780.567
609,3793.644
610,3066.6565
611,2387.0105
612,3016.268
613,2454.5293333333334
614,7000.0
615,1630.509
616,1882.9525
617,2244.294
618,5347.704
619,2796.966
620,1754.0551666666652
621,8282.350166666667
622,2447.048
623,1908.096
624,2500.0
625,1825.0
626,2189.2975
627,2321.5565
628,3014.756333333333
629,5499.0
630,2307.1253333333334
631,8446.055
632,1986.9855
633,2432.736666666663
634,3421.672
635,2535.999333333333
636,2229.514
637,3716.8945
638,3365.0
639,1661.6685
640,2474.368
641,2836.5836666666664
642,2118.3
643,4650.106699999999
644,2727.5
645,2983.503
646,4579.382
647,2036.452333333333
648,4412.764666666667
649,3972.265
650,2553.3333333333353
651,1883.8943333333332
652,4127.842
653,2249.097
654,2881.2075
655,2992.6585833333334
656,2373.106333333333
657,5742.164
658,3486.043
659,10500.688
660,3491.724
661,3390.0
662,2106.843
663,2618.456
664,4589.972
665,7586.047
666,3739.9775
667,2589.6191666666664
668,2221.0895
669,1921.4845
670,2579.344
671,3105.938
672,2383.064
673,3825.05
674,2482.6831666666667
675,2942.119
676,3396.4743333333336
677,4046.903
678,3496.2675
679,2314.13
680,3572.425
681,2760.1375
682,8320.7495
683,2491.921666666667
684,6495.0
685,2624.2335
686,2696.75
687,1987.306
688,1677.843
689,3741.636
690,2464.3955
691,6022.1915
692,2499.8
693,3037.1685
694,5921.4315
695,3053.381
696,3810.211
697,3650.0
698,4955.322
699,2092.358
700,3451.209
701,2854.867
702,1560.1913333333307
703,2957.5645
704,2614.157333333333
705,6259.240833333336
706,2313.16075
707,1680.7706666666663
708,4166.51
709,3700.5875
710,3441.7455
711,4223.293
712,3486.755
713,3498.4531666666667
714,3950.0
715,5850.0525
716,2048.755
717,9671.3815
718,5600.643
719,3690.3685833333334
720,5410.4863
721,5036.194333333333
722,2715.3155
723,2810.15
724,3798.190666666667
725,4735.724000000001
726,2965.287
727,3174.25
728,2742.177999999999
729,4208.675
730,3515.664833333305
731,2842.508
732,2247.117
733,2213.0615
734,2536.24
735,3138.445
736,8855.4815
737,3010.5481666666665
738,7125.9705
739,2100.15
740,2003.3445
741,6124.024833333333
742,6052.793833333333
743,6852.2795
744,2898.6676666666667
745,3120.4265
746,2049.9
747,2568.2245
748,1930.0648333333336
749,21899.697
750,6141.234
751,4890.327
752,3951.298
753,2800.0
754,1890.5455
755,3634.385
756,2305.07
757,3183.0805
758,6705.323
759,2987.584
760,3590.1885
761,2670.0
762,3442.0260000000035
763,2196.18
764,1389.1165
765,2605.1475
766,2100.45
767,4280.141
768,2891.4935000000014
769,4911.011
770,1995.0
771,2029.875
772,1736.858
773,3582.814
774,13716.5755
775,2023.4043333333334
776,7049.435333333333
777,4493.1055
778,3813.635
779,3324.974
780,1711.015
781,2130.823
782,2363.000833333333
783,2586.3755
784,3311.039
785,1945.5445
786,3521.111
787,8598.861
788,1710.3823333333332
789,4599.0
790,1670.35
791,2399.62
792,3529.234
793,5839.458333333335
794,3595.769
795,2146.006
796,2362.4725
797,2430.7826666666665
798,2195.0
799,10646.453
800,4233.090583333334
801,2396.2265
802,1915.3819999999998
803,2124.9265
804,2298.664
805,3589.751
806,1894.653
807,1653.202
808,14286.3605
809,1589.1785
810,1615.562
811,5275.507
812,3656.842
813,2028.4265
814,5052.705333333334
815,2471.923333333333
816,3375.4648333333325
817,2288.764
818,3108.9621666666667
819,2416.9455
820,2401.1465
821,1835.434
822,3465.6695
823,2105.4831666666664
824,3347.0051666666654
825,3849.5535
826,2562.904
827,2536.19
828,3454.2035
829,2742.3125
830,2055.213
831,6470.721666666669
832,4911.931333333333
833,2324.290833333333
834,3628.2059
835,2475.184
836,3381.309
837,2041.0325
838,2479.822666666668
839,2884.251
840,3595.0
841,1676.43
842,2892.2105
843,3104.423
844,3695.0
845,2701.041
846,2526.58
847,2174.1445
848,3229.874
849,2205.2
850,2563.762
851,2489.9955
852,3273.459
853,2536.932333333333
854,4676.9141666666665
855,2623.9536666666663
856,3428.769
857,4619.156
858,2808.391166666667
859,2754.893
860,2943.070666666667
861,2870.0
862,2445.777
863,2050.0
864,20392.244
865,3126.0995000000003
866,2661.0188333333335
867,2719.6963333333333
868,1950.0553333333394
869,2801.723333333334
870,3115.5411666666664
871,3772.67
872,1851.0583333333332
873,3163.776
874,2819.668333333333
875,2110.429
876,4341.553
877,2850.0
878,28024.99
879,2825.02
880,2457.778
881,1673.639
882,3704.6442
883,4337.183166666666
884,10453.832
885,2675.035
886,3921.3891666666664
887,2008.638166666666
888,2241.029
889,5211.359166666666
890,2003.631
891,2168.5495
892,3276.383
893,5964.016
894,2026.61
895,2593.295
896,2834.5878333333335
897,2030.4625
898,2474.7275
899,2684.95
900,2077.8013333333333
901,2167.7795
902,2400.1
903,4988.342166666666
904,3125.098
905,1850.075
906,3302.852
907,2843.0
908,2884.3155
909,2598.261
910,1575.4416666666652
911,6377.258666666667
912,1948.635
913,2624.92
914,2149.0843333333332
915,1533.984
916,6025.380833333334
917,3110.0
918,1821.813
919,4223.413
920,3417.1133333333337
921,3913.643
922,5889.666
923,3785.8305
924,15786.894
925,1777.745
926,4200.0
927,3098.7715
928,3817.069
929,2947.523
930,1593.519
931,14755.567333333338
932,3199.997
933,2478.645
934,4114.0
935,1900.0
936,3776.8909
937,3615.2925
938,2584.879
939,3169.978
940,2159.9035
941,3170.526
942,2517.016666666667
943,2288.724
944,2894.008
945,3057.4796666666666
946,2452.923
947,2427.102
948,2352.7295
949,3016.516
950,2833.937
951,2810.15
952,2795.0
953,2047.28
954,3650.0
955,1708.145
956,5383.159000000001
957,2807.076
958,2365.289
959,4729.196833333333
960,4064.2355
961,2279.496
962,2185.789
963,4397.8755
964,2348.6765
965,3234.2235
966,6007.5
967,2812.5
968,2878.7835
969,2322.0855
970,1803.049
971,2464.333
972,6873.076
973,1699.225
974,3300.0
975,2840.242
976,2985.358
977,1722.1214999999986
978,2624.977
979,3171.8585
980,2823.2215
981,8363.472
982,3347.920333333333
983,2381.3336666666664
984,1764.3314999999777
985,4987.063
986,7387.6205
987,2325.203
988,4890.535633333333
989,2094.7516666666666
990,3129.862333333333
991,3254.592
992,3206.1275
993,2305.8311666666664
994,5750.0
995,4473.7735
996,2598.8123333333333
997,8969.2985
998,8226.85
999,2499.6878333333334
1000,3450.383
1001,4119.283
1002,2086.7941666666666
1003,4427.522666666666
1004,3963.911733333317
1005,2100.05
1006,1583.3055
1007,2837.565
1008,2953.4195
1009,4208.675
1010,2108.329
1011,4433.0104999999985
1012,2170.8235
1013,2015.4675
1014,3643.5316666666677
1015,2156.6665
1016,3795.342
1017,4897.1505
1018,5637.135333333334
1019,2086.3235
1020,3266.029
1021,9651.018
1022,5230.916833333333
1023,4193.4823333333325
1024,2963.7915
1025,2102.1085
1026,3862.4536666666663
1027,7678.5965
1028,1798.3619999999999
1029,3640.9595
1030,2145.8073333333336
1031,3065.5568333333335
1032,3296.414666666679
1033,2453.6184999999996
1034,2901.5373333333346
1035,3033.3221666666664
1036,2535.6985
1037,7493.8145
1038,2791.862666666665
1039,2426.988
1040,1828.7474999999997
1041,3940.891
1042,2912.571
1043,1834.1333333333332
1044,2572.551
1045,3560.153
1046,5937.6335
1047,1686.888
1048,3519.8835
1049,7683.303666666667
1050,3725.8403333333335
1051,2866.997
1052,1987.306
1053,2287.8685
1054,4148.2945
1055,4835.281
1056,3923.8136666666664
1057,1886.011
1058,1916.807
1059,6393.264
1060,1837.7588333333333
1061,3665.9025
1062,2600.0865
1063,4698.852
1064,3693.984
1065,2535.2
1066,2575.586
1067,2583.872
1068,3378.382833333332
1069,6954.572666666666
1070,4291.766
1071,2536.199
1072,5440.068
1073,3369.9445000000005
1074,4430.511833333333
1075,2281.2593333333343
1076,3046.375
1077,3799.03
1078,3185.9875
1079,7268.896
1080,2286.533
1081,3852.1
1082,2736.477
1083,3737.5
1084,2420.01
1085,2995.784
1086,3381.475
1087,3604.246666666666
1088,2470.928
1089,6515.0
1090,2444.805
1091,3763.534
1092,4441.009
1093,2902.321666666667
1094,3759.382
1095,3065.0
1096,3978.3486
1097,4536.2735
1098,5104.11
1099,4178.144
1100,4887.5515000000005
1101,3671.4526666666666
1102,2500.0
1103,2779.5385
1104,4787.181
1105,2556.13
1106,2497.795
1107,3730.517
1108,4263.037933333334
1109,1677.289
1110,3386.4725
1111,1904.5206666666672
1112,1558.0
1113,2317.039
1114,4291.0889166666675
1115,3002.8635
1116,3092.99
1117,2302.4438333333337
1118,3976.6965
1119,3341.1905
1120,2658.6975
1121,3226.1815
1122,5780.0
1123,3106.076
1124,2400.299
1125,2435.5
1126,3100.601
1127,2863.571
1128,2863.637
1129,2898.519
1130,3656.656833333333
1131,2767.2223333333345
1132,7231.9325
1133,4603.0295
1134,2275.0
1135,14239.680333333332
1136,2725.113
1137,6100.0
1138,2750.143
1139,2823.2720666666664
1140,4457.4715
1141,1751.4495
1142,2219.4475
1143,4397.0
1144,3287.936
1145,1560.891
1146,4099.472666666667
1147,3143.290833333333
1148,2506.3115
1149,2420.165
1150,2240.48
1151,3635.796433333333
1152,1800.125
1153,3199.8
1154,2145.8073333333336
1155,2987.683
1156,3201.235
1157,3150.0
1158,1973.854
1159,3589.615
1160,2843.211
1161,2488.9825
1162,8270.317
1163,2198.901
1164,1781.1865
1165,3257.894
1166,3509.381
1167,2842.508
1168,4148.8355
1169,2675.0
1170,2536.307
1171,2129.2675
1172,3033.3221666666664
1173,8534.855
1174,3995.0
1175,2794.893
1176,3398.4395
1177,1549.7483333333332
1178,2246.797166666667
1179,2519.218
1180,2899.32
1181,3350.849
1182,2478.0
1183,2405.939833333333
1184,2650.099333333333
1185,3009.88
1186,2354.288
1187,1787.168
1188,3524.122
1189,2471.656
1190,2797.492
1191,3376.37025
1192,3701.704
1193,3959.2538333333337
1194,5074.092583333333
1195,2413.9036666666666
1196,2527.561
1197,2694.515
1198,4329.5315
1199,3268.673
1200,18328.001833333336
1201,3077.547666666666
1202,3084.1545
1203,2252.5363333333353
1204,2946.2479999999996
1205,3231.705
1206,3545.7695000000003
1207,3747.37575
1208,3845.0
1209,2500.0
1210,2508.224
1211,2733.6825
1212,3732.287
1213,2800.825166666667
1214,3761.0259999999985
1215,3288.097333333333
1216,2215.64
1217,2291.482666666667
1218,3503.3945
1219,3915.0
1220,4661.66
1221,1834.124
1222,3655.0
1223,3091.056
1224,2615.791
1225,2998.8625000000047
1226,2520.659
1227,1633.1473333333333
1228,2701.713666666667
1229,2024.7805
1230,1874.6356666666668
1231,4807.561
1232,2090.683
1233,3429.946
1234,3572.4
1235,1968.8715
1236,2203.695
1237,3084.3405
1238,3357.079
1239,2977.195
1240,3599.3115
1241,3797.7753333333335
1242,5565.505
1243,2354.7979999999993
1244,2954.2545
1245,3114.357166666667
1246,1761.363
1247,2719.6963333333333
1248,3695.445
1249,3368.469
1250,2306.827
1251,2576.9031666666665
1252,2802.8
1253,1643.9986666666666
1254,3482.1525
1255,3022.64
1256,14497.117
1257,4388.2595
1258,1955.662
1259,2760.522166666667
1260,4583.753
1261,4280.141
1262,3661.132
1263,2143.7655
1264,15692.733
1265,2725.864
1266,4029.13
1267,3125.0
1268,6584.412799999997
1269,2205.642
1270,2625.227
1271,1650.4
1272,2012.141
1273,3033.5821666666666
1274,5222.22675
1275,3498.51725
1276,2964.24
1277,2593.633
1278,2429.8285
1279,2498.5565
1280,6994.276
1281,5270.0
1282,2291.103
1283,2360.3505
1284,3157.505
1285,3297.8445
1286,5648.2
1287,1792.265
1288,2834.5176666666666
1289,3905.8093333333336
1290,2732.29125
1291,1788.429
1292,3034.36
1293,3673.542
1294,3262.553333333333
1295,2437.958333333333
1296,2428.579833333334
1297,3929.595333333333
1298,2747.651
1299,2599.523
1300,1655.387
1301,3003.1582999999973
1302,1650.0
1303,6584.412799999997
1304,3294.710666666667
1305,3561.152
1306,3389.379
1307,2215.0626666666667
1308,1543.793666666666
1309,4113.282
1310,2238.3553333333334
1311,1764.5603333333333
1312,3995.0
1313,2543.247833333333
1314,2175.98
1315,2486.1435
1316,3644.9
1317,3828.5445
1318,4912.8725
1319,3906.064
1320,1699.0
1321,2501.7933333333335
1322,2338.041
1323,1617.587
1324,3234.2075833333333
1325,2170.7755
1326,2495.0
1327,2288.239
1328,3621.034
1329,1925.955
1330,3483.79
1331,6701.828
1332,1962.4843333333336
1333,3315.725
1334,1972.5
1335,2826.212666666667
1336,3862.1255
1337,2958.562
1338,2800.7215000000006
1339,1950.0403333333336
1340,1727.8376666666668
1341,2894.663
1342,5473.078
1343,5187.59975
1344,3633.6563333333334
1345,5444.473833333334
1346,2413.139
1347,3181.338666666667
1348,2316.2565
1349,2643.473
1350,4140.5
1351,2698.537166666667
1352,3423.5275
1353,3442.328
1354,2918.8893333333335
1355,3570.817
1356,3120.9483333333333
1357,2695.1055
1358,2810.15
1359,11449.889333333334
1360,3499.8
1361,3708.5550833333336
1362,3616.274
1363,4287.0885
1364,2695.0
1365,2586.8465
1366,4135.0
1367,4269.992
1368,2163.719
1369,7172.007833333333
1370,5083.7570000000005
1371,4257.765666666666
1372,2022.4283333333337
1373,2499.433
1374,3043.5298333333335
1375,2225.339
1376,3177.5
1377,2900.119
1378,2378.9855
1379,3120.77275
1380,1776.795
1381,2986.971
1382,7888.524
1383,2169.589
1384,4129.966
1385,4862.7415
1386,3370.095
1387,1802.4115
1388,1560.2983333333334
1389,3471.0703333333327
1390,3583.873
1391,2764.299
1392,1983.206
1393,1953.8805
1394,3928.599
1395,2458.269
1396,2219.2775
1397,2900.0
1398,2699.43
1399,1898.618
1400,2402.863
1401,2108.767
1402,3260.0
1403,1715.0265
1404,4271.478433333329
1405,2731.074
1406,3404.6665
1407,3420.2225
1408,3501.916
1409,2780.9203333333335
1410,3896.3706666666676
1411,2753.136333333333
1412,3179.40775
1413,2795.474
1414,1902.583
1415,2995.0
1416,2255.6445
1417,2246.337
1418,2551.3306666666667
1419,2629.548
1420,2188.076
1421,2025.752833333334
1422,7835.1915
1423,4084.1229999999996
1424,5797.9965
1425,1887.4955
1426,3946.697
1427,3606.0
1428,2092.59075
1429,2216.480666666667
1430,3393.6648333333333
1431,1742.25
1432,2890.67025
1433,2542.349
1434,1803.1251666666667
1435,3534.764
1436,3680.26
1437,2012.2115
1438,2293.102333333334
1439,2760.517
1440,3040.502
1441,1809.54
1442,3231.9802999999997
1443,2214.834
1444,2338.19
1445,2667.561
1446,2198.151
1447,2354.516
1448,3084.628
1449,5538.4655
1450,2734.2124666666664
1451,2139.252
1452,5604.248666666667
1453,4249.823
1454,2100.05
1455,2010.181
1456,3150.0
1457,2605.4140000000007
1458,2053.688
1459,3665.6876666666667
1460,4641.372
1461,1625.0
1462,1854.7353333333333
1463,2291.843
1464,2377.1205
1465,2628.7565
1466,3120.4265
1467,3381.527
1468,7485.4265
1469,4364.698
1470,3995.0
1471,5188.1375
1472,3692.729
1473,2953.628
1474,2034.4806666666636
1475,3175.0
1476,2999.0
1477,2499.674
1478,2010.684
1479,2202.514
1480,3124.595
1481,2352.637
1482,1679.836
1483,1526.747
1484,2372.0575
1485,3294.1515
1486,1971.029
1487,3297.82925
1488,3654.9899166666664
1489,2086.757
1490,4646.3328
1491,5049.2925
1492,3073.364
1493,2452.523
1494,3018.875166666667
1495,2267.07125
1496,5700.0
1497,2503.2535
1498,9207.3135
1499,3177.3485
1500,6803.315166666667
1501,2746.3570000000004
1502,1851.8375
1503,2901.1265
1504,2267.463
1505,2009.074
1506,4216.424833333334
1507,3076.584
1508,2846.1815
1509,2545.71
1510,1275.175
1511,2567.0826666666667
1512,3109.9420000000005
1513,5329.332
1514,4531.881666666666
1515,2104.223
1516,2600.2475
1517,6851.392
1518,6154.4175
1519,3435.862999999976
1520,5729.257
1521,3518.458
1522,3999.0476666666664
1523,2460.724
1524,3286.2623333333336
1525,2480.834666666666
1526,2541.885
1527,13407.632
1528,2430.64
1529,1675.0
1530,5036.194333333333
1531,2462.592
1532,4428.6815
1533,6351.235
1534,3764.47
1535,3036.0933333333337
1536,12993.4605
1537,2303.154
1538,3286.7420000000006
1539,6567.574
1540,1920.981
1541,1633.785
1542,2822.9733333333334
1543,1719.0945
1544,4101.977
1545,3174.25
1546,2530.9375
1547,4103.125
1548,1983.8216666666667
1549,2454.874
1550,3433.7605
1551,3899.2693333333336
1552,3725.018166666666
1553,3815.6493333333333
1554,3440.4196666666667
1555,5945.378666666667
1556,3302.0481666666665
1557,1589.717
1558,3367.54
1559,3209.381166666667
1560,2993.7545
1561,2661.665
1562,2620.446166666666
1563,1883.8943333333332
1564,6150.9205
1565,2782.308333333333
1566,2061.342
1567,2864.614
1568,5678.204666666668
1569,3714.99925
1570,1984.42025
1571,5025.220083333334
1572,2353.582
1573,2105.881
1574,3141.055
1575,4063.552
1576,1275.175
1577,3496.5
1578,7192.874
1579,1731.9943333333335
1580,2573.2225
1581,2564.136
1582,2071.2
1583,1851.75
1584,2595.396666666667
1585,2252.5363333333353
1586,3400.0
1587,2380.604833333333
1588,2119.561
1589,2214.855
1590,2592.992
1591,2997.4373333333333
1592,2434.644
1593,3535.1325
1594,2226.052
1595,3836.5335
1596,2755.0
1597,1830.597
1598,2579.9955
1599,4643.2895
1600,2013.589
1601,2780.588666666667
1602,23585.059
1603,4149.841
1604,2776.409
1605,3226.832
1606,13505.956
1607,2158.089
1608,3125.0
1609,2450.7701666666667
1610,3486.218
1611,5142.164
1612,4124.43775
1613,1777.1599999999999
1614,2843.0
1615,1453.445
1616,9742.027
1617,2618.009
1618,4319.473166666667
1619,2056.051
1620,5019.755
1621,2548.531333333333
1622,3413.1585
1623,4296.197
1624,2287.564
1625,2381.8445
1626,2805.37
1627,6655.496166666667
1628,4017.1505
1629,3928.454
1630,3145.4915
1631,3455.098
1632,2694.639666666666
1633,3182.765
1634,7131.498166666666
1635,2391.5175
1636,1461.7823333333336
1637,2997.0615
1638,2540.0635
1639,2423.662
1640,5451.028
1641,2350.3345
1642,2518.922666666667
1643,3981.8845999999994
1644,3116.468666666667
1645,1644.475
1646,3986.6666666666097
1647,2683.931
1648,1758.285
1649,2495.063
1650,3274.389
1651,3194.0336666666667
1652,2647.679
1653,2816.5465
1654,4777.4085
1655,7781.633
1656,3855.21025
1657,2040.0745
1658,3455.77
1659,2985.0679999999998
1660,1930.9411666666665
1661,6526.211
1662,9615.352
1663,3765.0
1664,5543.8985
1665,3969.5625
1666,4513.181166666666
1667,1942.095
1668,2738.0
1669,3340.431
1670,1933.5485
1671,2421.855
1672,3577.58
1673,2309.374
1674,3432.5
1675,2472.899
1676,2716.2335
1677,2250.0
1678,2336.1655
1679,2686.0
1680,1967.555
1681,3124.8435
1682,2081.13
1683,4873.790333333334
1684,1624.9736666666658
1685,3033.3221666666664
1686,1573.3095
1687,10440.284
1688,2221.637
1689,2672.952
1690,2549.0131666666666
1691,2462.585166666667
1692,1851.0
1693,3536.236
1694,4946.855
1695,4207.236666666666
1696,3251.670666666666
1697,4260.3505
1698,1370.2485
1699,3700.615833333333
1700,2412.496
1701,1948.241
1702,2532.3765
1703,3370.361
1704,2417.896666666667
1705,3032.535
1706,1600.0
1707,1923.201
1708,1710.2116666666666
1709,2451.8755
1710,1973.085
1711,2855.441
1712,7456.863
1713,1983.206
1714,2653.927
1715,4979.229
1716,3227.02
1717,7525.76
1718,2320.652
1719,2115.2275
1720,2750.705
1721,1470.4953333333333
1722,3697.7233333333334
1723,3034.36
1724,2820.737
1725,2454.256
1726,3277.338
1727,2358.5251666666663
1728,2451.8755
1729,6181.3515
1730,4275.165666666666
1731,2276.21
1732,2518.534
1733,2522.702
1734,4630.421
1735,4610.5385
1736,1768.99
1737,1868.6150000000016
1738,3117.5
1739,1742.419
1740,3785.1025
1741,4051.235
1742,11265.185666666666
1743,10023.504666666666
1744,1605.329
1745,2199.285
1746,3044.041
1747,2249.85
1748,2975.077
1749,2746.326333333334
1750,2914.3665
1751,1924.9443333333336
1752,2504.0436666666665
1753,4008.3333333333912
1754,2187.759666666668
1755,3379.9545
1756,2403.8245
1757,5274.7
1758,2523.118666666667
1759,2063.649
1760,2514.8296666666665
1761,2806.1030000000005
1762,1845.551
1763,3063.711
1764,3695.8676666666665
1765,1958.103
1766,2753.6123333333335
1767,2313.36
1768,2555.267
1769,1755.0
1770,1936.755
1771,2478.434
1772,4127.702333333334
1773,5610.0
1774,2566.360166666667
1775,2311.9738333333335
1776,3267.8995
1777,2295.1113333333333
1778,2361.923166666667
1779,2213.74
1780,3148.6436666666664
1781,2303.8975
1782,2378.2695
1783,2374.4785
1784,7279.783
1785,4250.0
1786,1803.172
1787,3140.633333333333
1788,3369.826
1789,4940.775
1790,2492.878666666667
1791,2919.8183333333413
1792,2858.51
1793,2588.473
1794,3307.5627999999997
1795,3160.128666666667
1796,5424.103833333334
1797,4189.515
1798,6184.7695
1799,3075.0
1800,4647.96025
1801,3403.7536666666665
1802,2519.728
1803,3476.3986666666665
1804,3397.3225
1805,2061.586
1806,2301.861
1807,3575.2043333333336
1808,2113.904
1809,2820.0
1810,2858.117
1811,2516.0
1812,2584.441583333333
1813,2841.2173333333335
1814,2600.0
1815,3090.124
1816,2576.5611666666664
1817,7687.469
1818,2837.642
1819,3497.7816666666663
1820,2235.6245
1821,2066.6893333333333
1822,1866.114
1823,6319.6115
1824,1627.2595
1825,2384.0365
1826,1870.0596666666665
1827,3141.8105
1828,3332.9601666666667
1829,2275.0
1830,2650.492333333333
1831,3446.4285
1832,2575.302
1833,3261.7729999999997
1834,4321.031333333333
1835,2491.7309999999993
1836,3000.6
1837,3158.4345
1838,4460.2625
1839,2223.8515
1840,5161.5815
1841,4717.3865
1842,2599.8
1843,5535.0
1844,2623.608
1845,2557.6055
1846,1988.8395
1847,2747.472
1848,6824.864
1849,2968.558
1850,2094.7205
1851,1816.3265
1852,4397.0
1853,2765.808166666666
1854,3254.0
1855,2515.577
1856,1682.169
1857,2312.308833333333
1858,2397.2526666666668
1859,3307.4035
1860,2977.9576666666667
1861,2819.2678333333333
1862,7620.448
1863,2643.259
1864,1897.783
1865,2585.0
1866,2877.0205
1867,4625.0
1868,2015.261
1869,1879.045
1870,3035.154
1871,2295.2245
1872,5083.057
1873,1779.4896666666668
1874,4432.3305
1875,4499.75
1876,2216.137
1877,2268.956
1878,2690.8195
1879,2814.234333333333
1880,4151.67513333333
1881,2950.736
1882,3059.984
1883,1799.0
1884,2362.9465
1885,2934.6175
1886,5075.0
1887,3198.287833333333
1888,3363.0135
1889,3721.4577499999996
1890,16192.024333333333
1891,3474.024
1892,2350.974
1893,1464.2053333333333
1894,1450.0
1895,5463.702
1896,2517.489
1897,2827.321666666667
1898,5487.755666666667
1899,4002.523
1900,2643.421
1901,2405.939833333333
1902,2239.77
1903,2482.733
1904,1850.824
1905,3743.8016666666676
1906,2852.3165
1907,3563.491
1908,2189.519
1909,3575.162
1910,1888.707
1911,4159.2625
1912,3569.9483333333333
1913,2507.4263333333333
1914,2625.0
1915,3442.1735
1916,3786.9385
1917,2441.0605
1918,2960.572
1919,3018.3045
1920,1657.043
1921,2295.8465
1922,3807.5886666666715
1923,2164.1895
1924,1837.448
1925,3115.0
1926,3578.402
1927,7886.957
1928,4625.0
1929,5620.16925
1930,2819.664333333341
1931,3749.982566666666
1932,5110.745
1933,2099.762666666667
1934,3177.842
1935,3608.75075
1936,1997.5503333333334
1937,2071.520666666667
1938,3795.0
1939,3444.1585
1940,2493.0073333333335
1941,2861.057666666667
1942,2267.944
1943,5819.536
1944,3515.0
1945,23784.566
1946,1743.9388333333334
1947,3478.058
1948,2235.731666666667
1949,4599.3386666666665
1950,2744.5875
1951,5121.6455
1952,2363.996666666667
1953,4547.485
1954,2439.069333333333
1955,2983.173
1956,7940.539333333333
1957,2737.345
1958,3846.157166666667
1959,2865.1666666666665
1960,2316.31
1961,1667.9073333333336
1962,3416.9342333333334
1963,1766.309
1964,3477.5575
1965,2699.0
1966,4604.0525
1967,3401.4225
1968,6011.352
1969,3163.4025
1970,3339.247
1971,1910.663
1972,6809.9975
1973,3002.798
1974,2150.2085
1975,3732.4495
1976,3275.5438333333336
1977,4792.3015
1978,4809.0
1979,2298.266
1980,3066.5223333333333
1981,3036.4085
1982,2022.4283333333337
1983,2373.421
1984,12936.018333333333
1985,1432.753
1986,2890.533
1987,3109.5343333333335
1988,1850.0
1989,5964.016
1990,4029.4201666666663
1991,2283.6895
1992,1675.6713333333353
1993,8635.8815
1994,3882.222
1995,2394.7
1996,2183.2575
1997,1824.2565
1998,2968.7819999999997
1999,5721.859333333333
